{
    "Recall@100": 0.36295600000000033,
    "QPS": 116343.94703044862,
    "step": 151
}
