step	Recall@100
0	0.45531599999999933
1	0.45483699999999844
