{
    "normal-1-angular": 6.858465459281534,
    "normal-2-angular": -0.08934294173930088,
    "normal-4-angular": -0.06452906240048012,
    "normal-8-angular": 0.07073363960590177,
    "normal-16-angular": -0.007109210591740273,
    "normal-32-angular": 0.11530883882313436,
    "normal-64-angular": 0.09584992138629357,
    "normal-128-angular": 0.11399404244361482,
    "normal-256-angular": 0.11434860997223951,
    "normal-1024-angular": 0.09817242413593086,
    "normal-1536-angular": 0.13879773731329645,
    "normal-1-euclidean": -1.755334204218168,
    "normal-2-euclidean": -2.6909456451557685,
    "normal-4-euclidean": -1.2721860598550998,
    "normal-8-euclidean": 0.37025285162733146,
    "normal-16-euclidean": 2.056073184148467,
    "normal-32-euclidean": 3.222786537484817,
    "normal-64-euclidean": 4.175286874675595,
    "normal-128-euclidean": 5.289411299593836,
    "normal-256-euclidean": 5.310824961339203,
    "normal-1024-euclidean": 5.566208862308678,
    "normal-1536-euclidean": 6.272349500290592
}