{
    "latency_flatnav": [
        0.03537254333496094,
        0.037867045402526854,
        0.1382516622543335,
        0.21438751220703126,
        0.43432648181915284,
        0.5700995445251464,
        0.717572808265686,
        0.921602439880371,
        1.2738862991333009,
        3.205606985092163,
        4.254671239852906,
        0.03421483039855957,
        0.042848968505859376,
        0.15097427368164062,
        0.22509963512420655,
        0.4120461940765381,
        0.5351837396621704,
        0.6064127683639526,
        0.7462745189666748,
        2.40250301361084,
        2.388383316993713,
        3.8207058191299437
    ],
    "latency_hnsw": [
        0.024706721305847168,
        0.08609945774078369,
        0.0891080617904663,
        0.16467559337615967,
        0.26658318042755125,
        0.3860579252243042,
        0.5658962965011597,
        0.9295946598052979,
        1.542070198059082,
        3.6972209453582763,
        5.112889814376831,
        0.05183250904083252,
        0.07424674034118653,
        0.10449752807617188,
        0.17258787155151367,
        0.27378966808319094,
        0.36740903854370116,
        0.497540020942688,
        0.7672827005386352,
        2.9190574884414673,
        2.9496480941772463,
        4.716812705993652
    ],
    "dataset_names": [
        "normal1-cosine",
        "normal2-cosine",
        "normal4-cosine",
        "normal8-cosine",
        "normal16-cosine",
        "normal32-cosine",
        "normal64-cosine",
        "normal128-cosine",
        "normal256-cosine",
        "normal1024-cosine",
        "normal1536-cosine",
        "normal1-l2",
        "normal2-l2",
        "normal4-l2",
        "normal8-l2",
        "normal16-l2",
        "normal32-l2",
        "normal64-l2",
        "normal128-l2",
        "normal256-l2",
        "normal1024-l2",
        "normal1536-l2"
    ],
    "skewness_flatnav": [
        6.858465459281534,
        -0.08934294173930088,
        -0.06452906240048012,
        0.07073363960590177,
        -0.007109210591740273,
        0.11530883882313436,
        0.09584992138629357,
        0.11399404244361482,
        0.11434860997223951,
        0.09817242413593086,
        0.13879773731329645,
        -1.755334204218168,
        -2.6909456451557685,
        -1.2721860598550998,
        0.37025285162733146,
        2.056073184148467,
        3.222786537484817,
        4.175286874675595,
        5.289411299593836,
        5.310824961339203,
        5.566208862308678,
        6.272349500290592
    ],
    "skewness_hnsw": [
        6.858465459281534,
        -0.08934294173930088,
        -0.06452906240048012,
        0.07073363960590177,
        -0.007109210591740273,
        0.11530883882313436,
        0.09584992138629357,
        0.11399404244361482,
        0.11434860997223951,
        0.09817242413593086,
        0.13879773731329645,
        -1.755334204218168,
        -2.6909456451557685,
        -1.2721860598550998,
        0.37025285162733146,
        2.056073184148467,
        3.222786537484817,
        4.175286874675595,
        5.289411299593836,
        5.310824961339203,
        5.566208862308678,
        6.272349500290592
    ]
}