{
    "Recall@100": 0.7673140000000206,
    "QPS": 93460.55287915183,
    "step": 149
}
